"time","intervention","value"
1,1,14
1,1,8
1,1,10
1,1,6
1,1,9
1,1,15
1,1,9
1,1,16
1,1,9
1,1,14
2,1,17
2,1,5
2,1,14
2,1,13
2,1,13
2,1,11
2,1,13
2,1,7
2,1,9
2,1,4
3,1,16
3,1,11
3,1,11
3,1,9
3,1,13
3,1,12
3,1,7
3,1,11
3,1,12
3,1,13
4,1,8
4,1,8
4,1,8
4,1,12
4,1,9
4,1,20
4,1,13
4,1,8
4,1,9
4,1,14
5,1,10
5,1,11
5,1,8
5,1,15
5,1,12
5,1,11
5,1,11
5,1,13
5,1,11
5,1,14
6,1,10
6,1,11
6,1,10
6,1,16
6,1,12
6,1,11
6,1,16
6,1,11
6,1,6
6,1,7
7,1,13
7,1,14
7,1,16
7,1,7
7,1,13
7,1,12
7,1,8
7,1,12
7,1,11
7,1,8
8,1,10
8,1,7
8,1,10
8,1,11
8,1,7
8,1,14
8,1,15
8,1,9
8,1,13
8,1,14
9,1,9
9,1,20
9,1,10
9,1,11
9,1,12
9,1,11
9,1,11
9,1,11
9,1,9
9,1,8
10,1,10
10,1,9
10,1,14
10,1,15
10,1,10
10,1,12
10,1,8
10,1,8
10,1,16
10,1,8
11,1,18
11,1,12
11,1,7
11,1,11
11,1,15
11,1,16
11,1,8
11,1,8
11,1,10
11,1,11
12,1,11
12,1,8
12,1,17
12,1,10
12,1,14
12,1,8
12,1,11
12,1,10
12,1,17
12,1,8
13,1,7
13,1,7
13,1,10
13,1,16
13,1,11
13,1,8
13,1,17
13,1,15
13,1,14
13,1,17
14,1,12
14,1,15
14,1,11
14,1,15
14,1,6
14,1,11
14,1,16
14,1,12
14,1,8
14,1,13
15,1,12
15,1,12
15,1,10
15,1,13
15,1,17
15,1,10
15,1,14
15,1,14
15,1,9
15,1,15
16,1,12
16,1,10
16,1,7
16,1,7
16,1,13
16,1,14
16,1,18
16,1,12
16,1,5
16,1,11
17,1,8
17,1,18
17,1,14
17,1,9
17,1,12
17,1,8
17,1,15
17,1,7
17,1,14
17,1,12
18,1,12
18,1,18
18,1,12
18,1,8
18,1,17
18,1,16
18,1,12
18,1,15
18,1,7
18,1,14
19,1,12
19,1,10
19,1,16
19,1,18
19,1,13
19,1,9
19,1,13
19,1,8
19,1,17
19,1,8
20,1,12
20,1,12
20,1,9
20,1,9
20,1,9
20,1,8
20,1,9
20,1,9
20,1,11
20,1,11
21,1,10
21,1,16
21,1,16
21,1,14
21,1,6
21,1,10
21,1,16
21,1,12
21,1,26
21,1,9
22,1,14
22,1,11
22,1,10
22,1,8
22,1,11
22,1,16
22,1,7
22,1,11
22,1,13
22,1,14
23,1,22
23,1,18
23,1,13
23,1,22
23,1,15
23,1,17
23,1,23
23,1,13
23,1,11
23,1,13
24,1,16
24,1,13
24,1,16
24,1,13
24,1,13
24,1,15
24,1,17
24,1,9
24,1,11
24,1,10
25,1,15
25,1,13
25,1,13
25,1,11
25,1,14
25,1,9
25,1,15
25,1,9
25,1,13
25,1,13
26,1,20
26,1,10
26,1,15
26,1,13
26,1,9
26,1,16
26,1,12
26,1,10
26,1,13
26,1,11
27,1,17
27,1,12
27,1,18
27,1,20
27,1,17
27,1,9
27,1,14
27,1,18
27,1,7
27,1,19
28,1,13
28,1,14
28,1,16
28,1,16
28,1,12
28,1,14
28,1,18
28,1,16
28,1,16
28,1,12
29,1,15
29,1,15
29,1,12
29,1,17
29,1,13
29,1,15
29,1,20
29,1,19
29,1,13
29,1,15
30,1,18
30,1,14
30,1,20
30,1,13
30,1,17
30,1,13
30,1,9
30,1,10
30,1,10
30,1,23
31,1,10
31,1,16
31,1,13
31,1,14
31,1,9
31,1,16
31,1,19
31,1,16
31,1,15
31,1,13
32,1,16
32,1,12
32,1,8
32,1,16
32,1,15
32,1,13
32,1,17
32,1,19
32,1,11
32,1,10
33,1,12
33,1,19
33,1,15
33,1,15
33,1,9
33,1,11
33,1,8
33,1,11
33,1,8
33,1,6
34,1,15
34,1,16
34,1,4
34,1,8
34,1,10
34,1,17
34,1,14
34,1,12
34,1,7
34,1,13
35,1,22
35,1,12
35,1,18
35,1,11
35,1,18
35,1,20
35,1,14
35,1,15
35,1,17
35,1,17
36,1,10
36,1,18
36,1,12
36,1,13
36,1,19
36,1,9
36,1,9
36,1,5
36,1,13
36,1,15
37,1,13
37,1,20
37,1,17
37,1,26
37,1,11
37,1,22
37,1,10
37,1,10
37,1,14
37,1,21
38,1,20
38,1,9
38,1,12
38,1,14
38,1,13
38,1,13
38,1,17
38,1,9
38,1,12
38,1,15
39,1,18
39,1,16
39,1,16
39,1,18
39,1,19
39,1,11
39,1,13
39,1,15
39,1,8
39,1,13
40,1,24
40,1,10
40,1,22
40,1,14
40,1,15
40,1,12
40,1,15
40,1,11
40,1,10
40,1,12
41,1,13
41,1,10
41,1,8
41,1,22
41,1,8
41,1,15
41,1,16
41,1,9
41,1,13
41,1,17
42,1,15
42,1,27
42,1,18
42,1,10
42,1,18
42,1,15
42,1,12
42,1,10
42,1,16
42,1,12
43,1,15
43,1,14
43,1,12
43,1,26
43,1,17
43,1,21
43,1,16
43,1,20
43,1,17
43,1,12
44,1,9
44,1,8
44,1,9
44,1,18
44,1,17
44,1,16
44,1,20
44,1,9
44,1,18
44,1,20
45,1,20
45,1,13
45,1,18
45,1,17
45,1,14
45,1,17
45,1,26
45,1,12
45,1,17
45,1,12
46,1,14
46,1,19
46,1,22
46,1,15
46,1,14
46,1,18
46,1,15
46,1,13
46,1,26
46,1,14
47,1,16
47,1,19
47,1,6
47,1,14
47,1,14
47,1,15
47,1,17
47,1,14
47,1,14
47,1,15
48,1,13
48,1,20
48,1,6
48,1,14
48,1,14
48,1,11
48,1,18
48,1,12
48,1,23
48,1,13
49,1,15
49,1,14
49,1,18
49,1,16
49,1,13
49,1,18
49,1,10
49,1,18
49,1,12
49,1,15
50,1,14
50,1,10
50,1,17
50,1,12
50,1,18
50,1,17
50,1,17
50,1,20
50,1,13
50,1,16
51,1,17
51,1,14
51,1,19
51,1,20
51,1,12
51,1,14
51,1,16
51,1,17
51,1,13
51,1,13
52,1,12
52,1,17
52,1,23
52,1,10
52,1,16
52,1,18
52,1,14
52,1,10
52,1,19
52,1,14
53,1,17
53,1,13
53,1,13
53,1,15
53,1,15
53,1,14
53,1,20
53,1,17
53,1,18
53,1,14
54,1,11
54,1,15
54,1,9
54,1,15
54,1,12
54,1,14
54,1,10
54,1,15
54,1,16
54,1,12
55,1,10
55,1,11
55,1,9
55,1,14
55,1,25
55,1,12
55,1,12
55,1,13
55,1,11
55,1,11
56,1,11
56,1,14
56,1,19
56,1,15
56,1,15
56,1,20
56,1,10
56,1,16
56,1,13
56,1,13
57,1,12
57,1,17
57,1,13
57,1,13
57,1,21
57,1,14
57,1,12
57,1,19
57,1,19
57,1,18
58,1,16
58,1,21
58,1,12
58,1,20
58,1,13
58,1,15
58,1,15
58,1,20
58,1,17
58,1,10
59,1,21
59,1,14
59,1,16
59,1,12
59,1,12
59,1,14
59,1,12
59,1,12
59,1,11
59,1,14
60,1,15
60,1,20
60,1,15
60,1,11
60,1,13
60,1,15
60,1,12
60,1,20
60,1,19
60,1,16
61,1,12
61,1,15
61,1,16
61,1,19
61,1,15
61,1,15
61,1,16
61,1,14
61,1,14
61,1,14
62,1,17
62,1,12
62,1,16
62,1,21
62,1,10
62,1,20
62,1,10
62,1,18
62,1,16
62,1,16
63,1,18
63,1,14
63,1,16
63,1,13
63,1,14
63,1,25
63,1,10
63,1,9
63,1,13
63,1,20
64,1,9
64,1,12
64,1,8
64,1,14
64,1,17
64,1,13
64,1,14
64,1,21
64,1,6
64,1,16
65,1,16
65,1,14
65,1,13
65,1,8
65,1,13
65,1,24
65,1,16
65,1,15
65,1,20
65,1,20
66,1,8
66,1,14
66,1,25
66,1,17
66,1,10
66,1,13
66,1,19
66,1,12
66,1,5
66,1,6
67,1,12
67,1,22
67,1,21
67,1,15
67,1,7
67,1,27
67,1,10
67,1,17
67,1,10
67,1,17
68,1,9
68,1,12
68,1,13
68,1,9
68,1,18
68,1,17
68,1,18
68,1,12
68,1,9
68,1,16
69,1,16
69,1,17
69,1,8
69,1,11
69,1,15
69,1,10
69,1,14
69,1,13
69,1,13
69,1,18
70,1,16
70,1,11
70,1,17
70,1,14
70,1,13
70,1,13
70,1,10
70,1,14
70,1,10
70,1,10
71,1,10
71,1,20
71,1,10
71,1,17
71,1,14
71,1,15
71,1,9
71,1,18
71,1,12
71,1,18
72,1,12
72,1,15
72,1,9
72,1,15
72,1,15
72,1,20
72,1,11
72,1,15
72,1,12
72,1,13
73,1,13
73,1,7
73,1,14
73,1,13
73,1,17
73,1,15
73,1,17
73,1,9
73,1,10
73,1,14
74,1,10
74,1,14
74,1,20
74,1,14
74,1,15
74,1,16
74,1,12
74,1,20
74,1,15
74,1,17
75,1,14
75,1,17
75,1,12
75,1,15
75,1,15
75,1,17
75,1,14
75,1,13
75,1,11
75,1,9
76,1,21
76,1,10
76,1,14
76,1,12
76,1,6
76,1,19
76,1,8
76,1,13
76,1,21
76,1,10
77,1,17
77,1,17
77,1,16
77,1,16
77,1,13
77,1,9
77,1,18
77,1,9
77,1,18
77,1,18
78,1,11
78,1,8
78,1,18
78,1,19
78,1,14
78,1,15
78,1,14
78,1,12
78,1,15
78,1,13
79,1,7
79,1,6
79,1,9
79,1,24
79,1,15
79,1,16
79,1,15
79,1,10
79,1,10
79,1,16
80,1,14
80,1,8
80,1,10
80,1,10
80,1,11
80,1,16
80,1,14
80,1,15
80,1,11
80,1,8
81,1,19
81,1,17
81,1,12
81,1,8
81,1,10
81,1,14
81,1,23
81,1,18
81,1,16
81,1,18
82,1,10
82,1,13
82,1,9
82,1,13
82,1,13
82,1,12
82,1,8
82,1,12
82,1,12
82,1,10
83,1,11
83,1,17
83,1,11
83,1,7
83,1,12
83,1,9
83,1,22
83,1,12
83,1,10
83,1,14
84,1,9
84,1,12
84,1,13
84,1,11
84,1,13
84,1,13
84,1,13
84,1,13
84,1,17
84,1,8
85,1,11
85,1,9
85,1,11
85,1,9
85,1,11
85,1,7
85,1,5
85,1,15
85,1,7
85,1,12
86,1,8
86,1,15
86,1,8
86,1,10
86,1,18
86,1,9
86,1,13
86,1,8
86,1,10
86,1,8
87,1,8
87,1,6
87,1,14
87,1,13
87,1,8
87,1,12
87,1,15
87,1,12
87,1,10
87,1,19
88,1,8
88,1,9
88,1,12
88,1,15
88,1,10
88,1,8
88,1,7
88,1,8
88,1,16
88,1,7
89,1,12
89,1,16
89,1,11
89,1,15
89,1,21
89,1,8
89,1,13
89,1,11
89,1,12
89,1,11
90,1,15
90,1,11
90,1,12
90,1,4
90,1,8
90,1,4
90,1,11
90,1,12
90,1,6
90,1,12
91,1,16
91,1,15
91,1,11
91,1,10
91,1,8
91,1,17
91,1,9
91,1,9
91,1,13
91,1,12
92,1,12
92,1,18
92,1,10
92,1,16
92,1,11
92,1,16
92,1,10
92,1,16
92,1,11
92,1,9
93,1,12
93,1,8
93,1,11
93,1,10
93,1,10
93,1,9
93,1,10
93,1,11
93,1,11
93,1,16
94,1,6
94,1,11
94,1,9
94,1,13
94,1,7
94,1,9
94,1,9
94,1,7
94,1,3
94,1,12
95,1,12
95,1,12
95,1,14
95,1,12
95,1,9
95,1,10
95,1,12
95,1,15
95,1,6
95,1,7
96,1,12
96,1,6
96,1,11
96,1,11
96,1,13
96,1,11
96,1,13
96,1,7
96,1,6
96,1,10
97,1,11
97,1,10
97,1,16
97,1,11
97,1,8
97,1,12
97,1,12
97,1,12
97,1,10
97,1,3
98,1,9
98,1,15
98,1,12
98,1,11
98,1,12
98,1,8
98,1,8
98,1,6
98,1,10
98,1,12
99,1,11
99,1,10
99,1,6
99,1,12
99,1,14
99,1,9
99,1,6
99,1,8
99,1,15
99,1,17
100,1,9
100,1,3
100,1,7
100,1,10
100,1,14
100,1,10
100,1,9
100,1,10
100,1,14
100,1,11
101,1,8
101,1,8
101,1,7
101,1,12
101,1,8
101,1,3
101,1,5
101,1,6
101,1,10
101,1,8
102,1,8
102,1,9
102,1,4
102,1,10
102,1,10
102,1,10
102,1,9
102,1,4
102,1,9
102,1,9
103,1,8
103,1,10
103,1,8
103,1,13
103,1,6
103,1,8
103,1,11
103,1,14
103,1,11
103,1,8
104,1,11
104,1,8
104,1,5
104,1,9
104,1,6
104,1,7
104,1,11
104,1,10
104,1,11
104,1,5
105,1,7
105,1,8
105,1,6
105,1,7
105,1,9
105,1,7
105,1,5
105,1,12
105,1,10
105,1,11
106,1,13
106,1,13
106,1,3
106,1,7
106,1,6
106,1,8
106,1,10
106,1,4
106,1,13
106,1,7
107,1,7
107,1,13
107,1,8
107,1,7
107,1,9
107,1,5
107,1,12
107,1,8
107,1,10
107,1,11
108,1,7
108,1,4
108,1,7
108,1,7
108,1,8
108,1,9
108,1,5
108,1,14
108,1,3
108,1,6
109,1,6
109,1,12
109,1,8
109,1,6
109,1,8
109,1,5
109,1,7
109,1,5
109,1,4
109,1,7
110,1,8
110,1,7
110,1,8
110,1,6
110,1,14
110,1,10
110,1,2
110,1,8
110,1,5
110,1,7
111,1,8
111,1,6
111,1,4
111,1,4
111,1,13
111,1,3
111,1,11
111,1,8
111,1,8
111,1,7
112,1,5
112,1,11
112,1,8
112,1,8
112,1,7
112,1,9
112,1,9
112,1,7
112,1,6
112,1,5
113,1,7
113,1,8
113,1,8
113,1,8
113,1,9
113,1,5
113,1,6
113,1,7
113,1,6
113,1,13
114,1,9
114,1,4
114,1,7
114,1,11
114,1,4
114,1,6
114,1,3
114,1,11
114,1,9
114,1,5
115,1,7
115,1,6
115,1,8
115,1,7
115,1,10
115,1,6
115,1,10
115,1,8
115,1,9
115,1,6
116,1,2
116,1,10
116,1,5
116,1,7
116,1,3
116,1,8
116,1,10
116,1,4
116,1,5
116,1,5
117,1,1
117,1,9
117,1,6
117,1,8
117,1,5
117,1,6
117,1,9
117,1,6
117,1,5
117,1,8
118,1,12
118,1,6
118,1,7
118,1,6
118,1,4
118,1,3
118,1,2
118,1,11
118,1,5
118,1,8
119,1,4
119,1,8
119,1,5
119,1,2
119,1,7
119,1,6
119,1,5
119,1,5
119,1,3
119,1,3
120,1,10
120,1,8
120,1,11
120,1,9
120,1,13
120,1,5
120,1,8
120,1,5
120,1,5
120,1,11
121,2,2
121,2,0
121,2,1
121,2,3
121,2,4
121,2,2
121,2,0
121,2,2
121,2,1
121,2,1
122,2,5
122,2,4
122,2,8
122,2,1
122,2,2
122,2,4
122,2,6
122,2,5
122,2,1
122,2,0
123,2,4
123,2,1
123,2,2
123,2,3
123,2,0
123,2,1
123,2,2
123,2,1
123,2,2
123,2,2
124,2,1
124,2,2
124,2,3
124,2,3
124,2,2
124,2,1
124,2,5
124,2,2
124,2,4
124,2,3
125,2,3
125,2,0
125,2,3
125,2,1
125,2,1
125,2,4
125,2,6
125,2,2
125,2,0
125,2,0
126,2,2
126,2,1
126,2,0
126,2,3
126,2,1
126,2,2
126,2,6
126,2,2
126,2,3
126,2,2
127,2,2
127,2,3
127,2,3
127,2,1
127,2,1
127,2,3
127,2,3
127,2,3
127,2,2
127,2,1
128,2,0
128,2,2
128,2,5
128,2,1
128,2,2
128,2,3
128,2,2
128,2,0
128,2,0
128,2,5
129,2,5
129,2,4
129,2,1
129,2,1
129,2,3
129,2,1
129,2,4
129,2,1
129,2,5
129,2,2
130,2,4
130,2,1
130,2,4
130,2,2
130,2,2
130,2,0
130,2,2
130,2,2
130,2,1
130,2,2
131,2,2
131,2,0
131,2,3
131,2,2
131,2,1
131,2,2
131,2,3
131,2,2
131,2,1
131,2,2
132,2,2
132,2,3
132,2,2
132,2,2
132,2,1
132,2,1
132,2,0
132,2,4
132,2,2
132,2,2
133,2,1
133,2,2
133,2,1
133,2,3
133,2,3
133,2,4
133,2,5
133,2,1
133,2,3
133,2,1
134,2,1
134,2,1
134,2,2
134,2,0
134,2,2
134,2,0
134,2,2
134,2,2
134,2,2
134,2,2
135,2,0
135,2,3
135,2,3
135,2,2
135,2,1
135,2,2
135,2,0
135,2,1
135,2,2
135,2,1
136,2,2
136,2,3
136,2,1
136,2,3
136,2,0
136,2,0
136,2,1
136,2,3
136,2,3
136,2,0
137,2,3
137,2,2
137,2,1
137,2,1
137,2,1
137,2,2
137,2,0
137,2,4
137,2,2
137,2,0
138,2,4
138,2,1
138,2,0
138,2,6
138,2,4
138,2,0
138,2,4
138,2,1
138,2,2
138,2,2
139,2,2
139,2,2
139,2,4
139,2,1
139,2,1
139,2,1
139,2,1
139,2,4
139,2,2
139,2,2
140,2,2
140,2,2
140,2,2
140,2,2
140,2,3
140,2,2
140,2,2
140,2,3
140,2,0
140,2,2
141,2,3
141,2,1
141,2,5
141,2,2
141,2,0
141,2,1
141,2,4
141,2,2
141,2,3
141,2,1
142,2,3
142,2,2
142,2,1
142,2,1
142,2,3
142,2,1
142,2,3
142,2,1
142,2,2
142,2,1
143,2,3
143,2,3
143,2,3
143,2,2
143,2,2
143,2,3
143,2,4
143,2,3
143,2,3
143,2,2
144,2,2
144,2,3
144,2,0
144,2,4
144,2,3
144,2,0
144,2,0
144,2,3
144,2,0
144,2,3
145,2,1
145,2,3
145,2,0
145,2,1
145,2,2
145,2,6
145,2,1
145,2,0
145,2,0
145,2,2
146,2,1
146,2,2
146,2,3
146,2,2
146,2,2
146,2,3
146,2,3
146,2,2
146,2,1
146,2,1
147,2,2
147,2,4
147,2,4
147,2,1
147,2,1
147,2,3
147,2,2
147,2,1
147,2,3
147,2,1
148,2,2
148,2,1
148,2,4
148,2,1
148,2,4
148,2,3
148,2,1
148,2,0
148,2,3
148,2,1
149,2,1
149,2,2
149,2,1
149,2,0
149,2,4
149,2,1
149,2,2
149,2,2
149,2,3
149,2,4
150,2,3
150,2,2
150,2,1
150,2,1
150,2,1
150,2,1
150,2,3
150,2,3
150,2,2
150,2,1
151,2,1
151,2,1
151,2,2
151,2,2
151,2,0
151,2,4
151,2,1
151,2,5
151,2,2
151,2,1
152,2,0
152,2,2
152,2,2
152,2,1
152,2,2
152,2,5
152,2,0
152,2,3
152,2,3
152,2,0
153,2,1
153,2,1
153,2,2
153,2,0
153,2,0
153,2,2
153,2,2
153,2,3
153,2,4
153,2,1
154,2,3
154,2,0
154,2,1
154,2,4
154,2,3
154,2,1
154,2,6
154,2,3
154,2,2
154,2,2
155,2,4
155,2,3
155,2,3
155,2,4
155,2,2
155,2,4
155,2,4
155,2,4
155,2,0
155,2,2
156,2,2
156,2,2
156,2,4
156,2,1
156,2,3
156,2,1
156,2,3
156,2,1
156,2,5
156,2,2
157,2,2
157,2,1
157,2,3
157,2,3
157,2,3
157,2,1
157,2,1
157,2,3
157,2,3
157,2,4
158,2,4
158,2,1
158,2,1
158,2,4
158,2,1
158,2,0
158,2,2
158,2,2
158,2,2
158,2,5
159,2,1
159,2,3
159,2,1
159,2,4
159,2,3
159,2,1
159,2,1
159,2,3
159,2,3
159,2,4
160,2,3
160,2,1
160,2,4
160,2,4
160,2,2
160,2,0
160,2,0
160,2,2
160,2,3
160,2,7
161,2,2
161,2,3
161,2,5
161,2,2
161,2,3
161,2,4
161,2,0
161,2,2
161,2,2
161,2,3
162,2,1
162,2,2
162,2,0
162,2,0
162,2,4
162,2,3
162,2,0
162,2,2
162,2,5
162,2,1
163,2,2
163,2,2
163,2,1
163,2,5
163,2,1
163,2,3
163,2,0
163,2,4
163,2,3
163,2,3
164,2,0
164,2,2
164,2,3
164,2,3
164,2,1
164,2,2
164,2,3
164,2,1
164,2,4
164,2,3
165,2,3
165,2,0
165,2,0
165,2,1
165,2,0
165,2,2
165,2,7
165,2,2
165,2,5
165,2,2
166,2,2
166,2,4
166,2,4
166,2,1
166,2,1
166,2,0
166,2,4
166,2,4
166,2,1
166,2,2
167,2,1
167,2,2
167,2,3
167,2,2
167,2,4
167,2,0
167,2,2
167,2,1
167,2,2
167,2,3
168,2,4
168,2,3
168,2,6
168,2,1
168,2,3
168,2,4
168,2,1
168,2,4
168,2,2
168,2,2
169,2,4
169,2,3
169,2,1
169,2,5
169,2,2
169,2,3
169,2,5
169,2,5
169,2,6
169,2,3
170,2,1
170,2,5
170,2,2
170,2,3
170,2,3
170,2,4
170,2,3
170,2,2
170,2,3
170,2,1
171,2,2
171,2,5
171,2,4
171,2,7
171,2,4
171,2,2
171,2,3
171,2,6
171,2,3
171,2,2
172,2,2
172,2,5
172,2,3
172,2,1
172,2,4
172,2,3
172,2,1
172,2,2
172,2,3
172,2,1
173,2,1
173,2,4
173,2,5
173,2,6
173,2,2
173,2,2
173,2,2
173,2,1
173,2,1
173,2,1
174,2,4
174,2,2
174,2,2
174,2,4
174,2,2
174,2,4
174,2,1
174,2,4
174,2,6
174,2,4
175,2,4
175,2,2
175,2,4
175,2,3
175,2,2
175,2,4
175,2,0
175,2,2
175,2,2
175,2,1
176,2,4
176,2,1
176,2,2
176,2,9
176,2,1
176,2,1
176,2,6
176,2,3
176,2,1
176,2,7
177,2,1
177,2,5
177,2,1
177,2,3
177,2,2
177,2,4
177,2,5
177,2,7
177,2,1
177,2,3
178,2,3
178,2,2
178,2,2
178,2,6
178,2,6
178,2,7
178,2,5
178,2,2
178,2,2
178,2,5
179,2,5
179,2,3
179,2,1
179,2,5
179,2,1
179,2,4
179,2,5
179,2,3
179,2,3
179,2,4
180,2,1
180,2,1
180,2,4
180,2,1
180,2,2
180,2,5
180,2,3
180,2,3
180,2,6
180,2,3
181,2,3
181,2,1
181,2,3
181,2,2
181,2,2
181,2,4
181,2,4
181,2,2
181,2,4
181,2,3
182,2,5
182,2,4
182,2,3
182,2,3
182,2,3
182,2,4
182,2,0
182,2,3
182,2,6
182,2,3
183,2,5
183,2,3
183,2,5
183,2,5
183,2,3
183,2,5
183,2,5
183,2,9
183,2,6
183,2,2
184,2,4
184,2,2
184,2,3
184,2,5
184,2,1
184,2,7
184,2,7
184,2,6
184,2,4
184,2,3
185,2,4
185,2,2
185,2,6
185,2,7
185,2,3
185,2,7
185,2,2
185,2,4
185,2,3
185,2,7
186,2,2
186,2,4
186,2,5
186,2,2
186,2,3
186,2,4
186,2,3
186,2,4
186,2,3
186,2,1
187,2,6
187,2,3
187,2,2
187,2,3
187,2,3
187,2,5
187,2,1
187,2,3
187,2,4
187,2,5
188,2,4
188,2,5
188,2,5
188,2,3
188,2,4
188,2,4
188,2,5
188,2,9
188,2,4
188,2,7
189,2,4
189,2,7
189,2,7
189,2,4
189,2,6
189,2,2
189,2,7
189,2,5
189,2,5
189,2,4
190,2,3
190,2,13
190,2,4
190,2,1
190,2,1
190,2,4
190,2,4
190,2,7
190,2,4
190,2,1
191,2,6
191,2,4
191,2,5
191,2,5
191,2,7
191,2,4
191,2,10
191,2,2
191,2,2
191,2,4
192,2,4
192,2,7
192,2,4
192,2,2
192,2,3
192,2,7
192,2,8
192,2,6
192,2,2
192,2,2
193,2,4
193,2,1
193,2,5
193,2,4
193,2,4
193,2,5
193,2,4
193,2,7
193,2,4
193,2,4
194,2,4
194,2,5
194,2,3
194,2,7
194,2,3
194,2,7
194,2,6
194,2,6
194,2,8
194,2,5
195,2,2
195,2,5
195,2,4
195,2,7
195,2,6
195,2,7
195,2,5
195,2,4
195,2,8
195,2,5
196,2,3
196,2,8
196,2,3
196,2,8
196,2,5
196,2,2
196,2,4
196,2,8
196,2,9
196,2,4
197,2,3
197,2,2
197,2,5
197,2,7
197,2,7
197,2,5
197,2,2
197,2,7
197,2,7
197,2,9
198,2,2
198,2,7
198,2,3
198,2,4
198,2,10
198,2,4
198,2,7
198,2,2
198,2,3
198,2,3
199,2,1
199,2,6
199,2,0
199,2,4
199,2,9
199,2,6
199,2,8
199,2,6
199,2,3
199,2,5
200,2,2
200,2,4
200,2,9
200,2,2
200,2,7
200,2,5
200,2,3
200,2,2
200,2,4
200,2,6
201,3,15
201,3,12
201,3,13
201,3,10
201,3,6
201,3,6
201,3,10
201,3,7
201,3,13
201,3,8
202,3,12
202,3,10
202,3,12
202,3,18
202,3,8
202,3,7
202,3,11
202,3,4
202,3,16
202,3,9
203,3,5
203,3,7
203,3,6
203,3,4
203,3,15
203,3,7
203,3,16
203,3,9
203,3,15
203,3,6
204,3,13
204,3,11
204,3,10
204,3,13
204,3,5
204,3,7
204,3,14
204,3,8
204,3,15
204,3,9
205,3,8
205,3,12
205,3,8
205,3,10
205,3,15
205,3,21
205,3,10
205,3,8
205,3,6
205,3,11
206,3,11
206,3,9
206,3,10
206,3,6
206,3,17
206,3,7
206,3,6
206,3,8
206,3,14
206,3,18
207,3,19
207,3,15
207,3,6
207,3,10
207,3,3
207,3,11
207,3,14
207,3,17
207,3,10
207,3,7
208,3,15
208,3,8
208,3,6
208,3,15
208,3,6
208,3,7
208,3,11
208,3,11
208,3,8
208,3,10
209,3,10
209,3,7
209,3,11
209,3,14
209,3,8
209,3,17
209,3,11
209,3,8
209,3,11
209,3,7
210,3,8
210,3,16
210,3,13
210,3,15
210,3,12
210,3,6
210,3,5
210,3,12
210,3,8
210,3,7
211,3,11
211,3,9
211,3,7
211,3,6
211,3,13
211,3,9
211,3,11
211,3,14
211,3,12
211,3,13
212,3,4
212,3,12
212,3,12
212,3,15
212,3,15
212,3,7
212,3,10
212,3,13
212,3,9
212,3,11
213,3,15
213,3,9
213,3,8
213,3,19
213,3,14
213,3,14
213,3,10
213,3,7
213,3,15
213,3,6
214,3,10
214,3,15
214,3,16
214,3,14
214,3,8
214,3,10
214,3,8
214,3,8
214,3,8
214,3,13
215,3,9
215,3,14
215,3,15
215,3,14
215,3,9
215,3,7
215,3,9
215,3,10
215,3,13
215,3,13
216,3,13
216,3,11
216,3,13
216,3,12
216,3,9
216,3,10
216,3,7
216,3,12
216,3,11
216,3,9
217,3,6
217,3,10
217,3,10
217,3,8
217,3,14
217,3,6
217,3,15
217,3,11
217,3,16
217,3,14
218,3,16
218,3,6
218,3,10
218,3,7
218,3,9
218,3,6
218,3,4
218,3,13
218,3,7
218,3,7
219,3,6
219,3,11
219,3,16
219,3,12
219,3,13
219,3,16
219,3,15
219,3,13
219,3,7
219,3,10
220,3,12
220,3,7
220,3,12
220,3,10
220,3,12
220,3,10
220,3,10
220,3,17
220,3,15
220,3,12
221,3,6
221,3,10
221,3,11
221,3,8
221,3,14
221,3,13
221,3,13
221,3,13
221,3,13
221,3,14
222,3,9
222,3,11
222,3,9
222,3,8
222,3,12
222,3,11
222,3,15
222,3,10
222,3,13
222,3,12
223,3,9
223,3,10
223,3,18
223,3,12
223,3,10
223,3,9
223,3,13
223,3,12
223,3,13
223,3,16
224,3,14
224,3,12
224,3,9
224,3,5
224,3,21
224,3,10
224,3,14
224,3,10
224,3,12
224,3,15
225,3,15
225,3,12
225,3,14
225,3,15
225,3,10
225,3,8
225,3,10
225,3,9
225,3,11
225,3,9
226,3,12
226,3,12
226,3,10
226,3,17
226,3,10
226,3,13
226,3,15
226,3,11
226,3,12
226,3,10
227,3,5
227,3,11
227,3,14
227,3,16
227,3,16
227,3,13
227,3,11
227,3,13
227,3,10
227,3,8
228,3,11
228,3,13
228,3,10
228,3,13
228,3,10
228,3,9
228,3,11
228,3,10
228,3,9
228,3,7
229,3,13
229,3,7
229,3,18
229,3,13
229,3,14
229,3,12
229,3,13
229,3,14
229,3,9
229,3,9
230,3,8
230,3,10
230,3,12
230,3,13
230,3,15
230,3,9
230,3,16
230,3,10
230,3,13
230,3,9
231,3,15
231,3,13
231,3,8
231,3,13
231,3,13
231,3,17
231,3,11
231,3,9
231,3,11
231,3,9
232,3,8
232,3,8
232,3,9
232,3,12
232,3,14
232,3,8
232,3,10
232,3,13
232,3,9
232,3,14
233,3,9
233,3,8
233,3,12
233,3,18
233,3,11
233,3,14
233,3,13
233,3,16
233,3,19
233,3,12
234,3,17
234,3,14
234,3,14
234,3,13
234,3,9
234,3,9
234,3,14
234,3,8
234,3,9
234,3,16
235,3,13
235,3,9
235,3,10
235,3,13
235,3,8
235,3,16
235,3,9
235,3,9
235,3,16
235,3,10
236,3,17
236,3,14
236,3,14
236,3,13
236,3,10
236,3,10
236,3,14
236,3,14
236,3,13
236,3,13
237,3,5
237,3,11
237,3,15
237,3,17
237,3,14
237,3,16
237,3,14
237,3,15
237,3,9
237,3,20
238,3,11
238,3,15
238,3,19
238,3,14
238,3,18
238,3,8
238,3,12
238,3,16
238,3,12
238,3,14
239,3,20
239,3,10
239,3,9
239,3,16
239,3,7
239,3,9
239,3,12
239,3,11
239,3,7
239,3,18
240,3,9
240,3,12
240,3,12
240,3,11
240,3,14
240,3,13
240,3,11
240,3,12
240,3,7
240,3,14
241,3,10
241,3,11
241,3,10
241,3,18
241,3,7
241,3,16
241,3,19
241,3,12
241,3,8
241,3,11
242,3,8
242,3,16
242,3,18
242,3,14
242,3,5
242,3,15
242,3,6
242,3,13
242,3,12
242,3,11
243,3,9
243,3,6
243,3,8
243,3,14
243,3,12
243,3,11
243,3,12
243,3,6
243,3,12
243,3,11
244,3,13
244,3,12
244,3,11
244,3,12
244,3,10
244,3,22
244,3,2
244,3,13
244,3,9
244,3,15
245,3,10
245,3,15
245,3,15
245,3,8
245,3,10
245,3,12
245,3,10
245,3,15
245,3,12
245,3,11
246,3,8
246,3,16
246,3,12
246,3,13
246,3,12
246,3,15
246,3,9
246,3,16
246,3,13
246,3,8
247,3,11
247,3,8
247,3,11
247,3,11
247,3,13
247,3,8
247,3,13
247,3,12
247,3,11
247,3,13
248,3,12
248,3,15
248,3,13
248,3,13
248,3,17
248,3,8
248,3,12
248,3,9
248,3,4
248,3,12
249,3,13
249,3,13
249,3,8
249,3,9
249,3,16
249,3,16
249,3,15
249,3,10
249,3,9
249,3,8
250,3,9
250,3,14
250,3,11
250,3,12
250,3,8
250,3,12
250,3,7
250,3,9
250,3,12
250,3,11
251,3,16
251,3,12
251,3,10
251,3,5
251,3,14
251,3,14
251,3,15
251,3,11
251,3,14
251,3,8
252,3,12
252,3,10
252,3,15
252,3,15
252,3,7
252,3,5
252,3,12
252,3,14
252,3,13
252,3,11
253,3,11
253,3,18
253,3,16
253,3,11
253,3,10
253,3,17
253,3,11
253,3,12
253,3,15
253,3,9
254,3,11
254,3,12
254,3,11
254,3,14
254,3,13
254,3,13
254,3,16
254,3,9
254,3,12
254,3,10
255,3,11
255,3,14
255,3,16
255,3,10
255,3,9
255,3,11
255,3,12
255,3,10
255,3,8
255,3,15
256,3,8
256,3,10
256,3,17
256,3,19
256,3,11
256,3,10
256,3,9
256,3,8
256,3,14
256,3,10
257,3,10
257,3,10
257,3,13
257,3,11
257,3,8
257,3,13
257,3,12
257,3,9
257,3,16
257,3,7
258,3,18
258,3,18
258,3,11
258,3,7
258,3,8
258,3,10
258,3,17
258,3,12
258,3,7
258,3,10
259,3,8
259,3,10
259,3,4
259,3,10
259,3,9
259,3,10
259,3,11
259,3,10
259,3,9
259,3,9
260,3,10
260,3,10
260,3,9
260,3,12
260,3,12
260,3,11
260,3,7
260,3,14
260,3,9
260,3,5
261,3,14
261,3,11
261,3,13
261,3,14
261,3,16
261,3,9
261,3,9
261,3,9
261,3,14
261,3,12
262,3,13
262,3,11
262,3,9
262,3,18
262,3,10
262,3,10
262,3,5
262,3,15
262,3,12
262,3,10
263,3,12
263,3,11
263,3,8
263,3,7
263,3,10
263,3,7
263,3,11
263,3,16
263,3,10
263,3,13
264,3,14
264,3,12
264,3,9
264,3,9
264,3,11
264,3,11
264,3,10
264,3,5
264,3,5
264,3,10
265,3,6
265,3,11
265,3,10
265,3,4
265,3,6
265,3,12
265,3,11
265,3,14
265,3,11
265,3,12
266,3,15
266,3,6
266,3,16
266,3,7
266,3,12
266,3,11
266,3,5
266,3,16
266,3,13
266,3,10
267,3,12
267,3,10
267,3,8
267,3,8
267,3,9
267,3,7
267,3,9
267,3,11
267,3,11
267,3,9
268,3,9
268,3,7
268,3,11
268,3,18
268,3,12
268,3,4
268,3,10
268,3,7
268,3,11
268,3,4
269,3,12
269,3,4
269,3,12
269,3,7
269,3,14
269,3,5
269,3,4
269,3,7
269,3,11
269,3,18
270,3,10
270,3,9
270,3,7
270,3,14
270,3,7
270,3,4
270,3,11
270,3,8
270,3,8
270,3,8
271,3,9
271,3,17
271,3,11
271,3,8
271,3,13
271,3,11
271,3,16
271,3,12
271,3,12
271,3,10
272,3,16
272,3,8
272,3,13
272,3,12
272,3,10
272,3,12
272,3,10
272,3,7
272,3,16
272,3,10
273,3,6
273,3,7
273,3,9
273,3,11
273,3,10
273,3,8
273,3,3
273,3,6
273,3,8
273,3,11
274,3,10
274,3,8
274,3,2
274,3,12
274,3,10
274,3,5
274,3,8
274,3,6
274,3,10
274,3,7
275,3,11
275,3,11
275,3,13
275,3,8
275,3,4
275,3,10
275,3,9
275,3,7
275,3,7
275,3,4
276,3,9
276,3,10
276,3,8
276,3,8
276,3,5
276,3,15
276,3,4
276,3,8
276,3,16
276,3,12
277,3,5
277,3,7
277,3,9
277,3,8
277,3,6
277,3,13
277,3,13
277,3,7
277,3,4
277,3,9
278,3,6
278,3,10
278,3,5
278,3,11
278,3,9
278,3,5
278,3,7
278,3,7
278,3,16
278,3,7
279,3,8
279,3,13
279,3,12
279,3,10
279,3,11
279,3,7
279,3,10
279,3,9
279,3,10
279,3,9
280,3,9
280,3,6
280,3,6
280,3,9
280,3,7
280,3,12
280,3,10
280,3,12
280,3,2
280,3,10
281,3,3
281,3,7
281,3,7
281,3,10
281,3,3
281,3,11
281,3,8
281,3,10
281,3,9
281,3,8
282,3,11
282,3,12
282,3,11
282,3,7
282,3,10
282,3,10
282,3,10
282,3,7
282,3,9
282,3,7
283,3,8
283,3,7
283,3,6
283,3,15
283,3,15
283,3,14
283,3,6
283,3,7
283,3,13
283,3,7
284,3,10
284,3,11
284,3,14
284,3,8
284,3,10
284,3,5
284,3,6
284,3,12
284,3,7
284,3,8
285,3,4
285,3,6
285,3,11
285,3,7
285,3,8
285,3,9
285,3,7
285,3,7
285,3,8
285,3,11
286,3,6
286,3,10
286,3,6
286,3,9
286,3,10
286,3,2
286,3,11
286,3,10
286,3,8
286,3,5
287,3,8
287,3,7
287,3,8
287,3,5
287,3,8
287,3,7
287,3,7
287,3,2
287,3,9
287,3,4
288,3,9
288,3,11
288,3,8
288,3,5
288,3,9
288,3,4
288,3,6
288,3,10
288,3,8
288,3,7
289,3,9
289,3,7
289,3,7
289,3,6
289,3,7
289,3,5
289,3,6
289,3,11
289,3,9
289,3,5
290,3,8
290,3,4
290,3,15
290,3,5
290,3,6
290,3,10
290,3,7
290,3,2
290,3,4
290,3,7
291,3,9
291,3,6
291,3,6
291,3,3
291,3,7
291,3,8
291,3,9
291,3,6
291,3,11
291,3,6
292,3,6
292,3,11
292,3,6
292,3,4
292,3,7
292,3,6
292,3,10
292,3,9
292,3,7
292,3,3
293,3,7
293,3,5
293,3,9
293,3,7
293,3,9
293,3,7
293,3,10
293,3,3
293,3,2
293,3,11
294,3,4
294,3,6
294,3,4
294,3,3
294,3,7
294,3,3
294,3,3
294,3,9
294,3,6
294,3,11
295,3,7
295,3,4
295,3,12
295,3,7
295,3,6
295,3,9
295,3,6
295,3,5
295,3,7
295,3,6
296,3,5
296,3,4
296,3,0
296,3,6
296,3,10
296,3,11
296,3,5
296,3,11
296,3,4
296,3,4
297,3,7
297,3,8
297,3,5
297,3,10
297,3,8
297,3,7
297,3,5
297,3,4
297,3,8
297,3,8
298,3,5
298,3,3
298,3,4
298,3,7
298,3,8
298,3,9
298,3,13
298,3,5
298,3,4
298,3,4
299,3,5
299,3,3
299,3,3
299,3,6
299,3,10
299,3,9
299,3,6
299,3,5
299,3,1
299,3,10
300,3,1
300,3,5
300,3,8
300,3,6
300,3,6
300,3,5
300,3,2
300,3,7
300,3,3
300,3,7
301,3,7
301,3,6
301,3,6
301,3,4
301,3,2
301,3,9
301,3,7
301,3,3
301,3,5
301,3,6
302,3,9
302,3,2
302,3,7
302,3,8
302,3,8
302,3,4
302,3,2
302,3,6
302,3,7
302,3,8
303,3,8
303,3,10
303,3,7
303,3,5
303,3,3
303,3,7
303,3,5
303,3,8
303,3,2
303,3,3
304,3,4
304,3,7
304,3,4
304,3,2
304,3,6
304,3,5
304,3,11
304,3,4
304,3,6
304,3,6
305,3,4
305,3,3
305,3,7
305,3,8
305,3,7
305,3,13
305,3,6
305,3,4
305,3,4
305,3,8
306,3,6
306,3,0
306,3,7
306,3,7
306,3,6
306,3,4
306,3,10
306,3,7
306,3,11
306,3,8
307,3,3
307,3,2
307,3,6
307,3,4
307,3,2
307,3,7
307,3,4
307,3,7
307,3,4
307,3,3
308,3,5
308,3,5
308,3,9
308,3,1
308,3,3
308,3,4
308,3,6
308,3,5
308,3,7
308,3,9
309,3,5
309,3,6
309,3,6
309,3,5
309,3,3
309,3,7
309,3,4
309,3,5
309,3,3
309,3,7
310,3,1
310,3,4
310,3,6
310,3,7
310,3,4
310,3,6
310,3,4
310,3,7
310,3,6
310,3,4
311,3,5
311,3,7
311,3,4
311,3,2
311,3,4
311,3,3
311,3,9
311,3,4
311,3,5
311,3,8
312,3,5
312,3,7
312,3,7
312,3,7
312,3,5
312,3,4
312,3,3
312,3,7
312,3,4
312,3,5
313,3,3
313,3,3
313,3,1
313,3,3
313,3,4
313,3,5
313,3,6
313,3,9
313,3,3
313,3,6
314,3,5
314,3,4
314,3,6
314,3,4
314,3,4
314,3,3
314,3,3
314,3,1
314,3,3
314,3,5
315,3,4
315,3,1
315,3,8
315,3,8
315,3,5
315,3,4
315,3,3
315,3,5
315,3,3
315,3,4
316,3,4
316,3,7
316,3,5
316,3,5
316,3,7
316,3,4
316,3,3
316,3,7
316,3,6
316,3,7
317,3,3
317,3,5
317,3,5
317,3,2
317,3,4
317,3,7
317,3,6
317,3,6
317,3,7
317,3,3
318,3,8
318,3,5
318,3,6
318,3,2
318,3,3
318,3,6
318,3,4
318,3,1
318,3,5
318,3,6
319,3,1
319,3,4
319,3,7
319,3,5
319,3,2
319,3,3
319,3,3
319,3,5
319,3,7
319,3,6
320,3,5
320,3,3
320,3,5
320,3,3
320,3,3
320,3,4
320,3,1
320,3,3
320,3,3
320,3,3
321,3,5
321,3,9
321,3,6
321,3,3
321,3,4
321,3,2
321,3,3
321,3,0
321,3,5
321,3,3
322,3,3
322,3,3
322,3,5
322,3,3
322,3,2
322,3,2
322,3,8
322,3,5
322,3,0
322,3,0
323,3,7
323,3,6
323,3,3
323,3,4
323,3,7
323,3,7
323,3,1
323,3,5
323,3,3
323,3,8
324,3,4
324,3,4
324,3,2
324,3,5
324,3,3
324,3,1
324,3,5
324,3,4
324,3,5
324,3,1
325,3,2
325,3,6
325,3,2
325,3,4
325,3,4
325,3,0
325,3,7
325,3,5
325,3,6
325,3,5
326,3,1
326,3,5
326,3,2
326,3,9
326,3,1
326,3,4
326,3,5
326,3,7
326,3,2
326,3,3
327,3,4
327,3,3
327,3,5
327,3,5
327,3,4
327,3,6
327,3,2
327,3,2
327,3,4
327,3,7
328,3,1
328,3,2
328,3,9
328,3,3
328,3,0
328,3,4
328,3,9
328,3,4
328,3,5
328,3,4
329,3,3
329,3,3
329,3,4
329,3,3
329,3,4
329,3,4
329,3,9
329,3,3
329,3,9
329,3,4
330,3,5
330,3,4
330,3,3
330,3,5
330,3,4
330,3,3
330,3,2
330,3,3
330,3,2
330,3,7
331,3,3
331,3,5
331,3,7
331,3,2
331,3,3
331,3,5
331,3,4
331,3,4
331,3,7
331,3,2
332,3,5
332,3,2
332,3,5
332,3,4
332,3,3
332,3,5
332,3,4
332,3,4
332,3,2
332,3,4
333,3,2
333,3,3
333,3,2
333,3,6
333,3,3
333,3,6
333,3,5
333,3,1
333,3,4
333,3,1
334,3,2
334,3,5
334,3,2
334,3,2
334,3,1
334,3,2
334,3,5
334,3,4
334,3,4
334,3,4
335,3,1
335,3,4
335,3,1
335,3,2
335,3,4
335,3,2
335,3,3
335,3,4
335,3,2
335,3,4
336,3,6
336,3,4
336,3,4
336,3,2
336,3,4
336,3,5
336,3,5
336,3,4
336,3,5
336,3,7
337,3,3
337,3,3
337,3,2
337,3,6
337,3,7
337,3,2
337,3,1
337,3,4
337,3,7
337,3,2
338,3,3
338,3,6
338,3,9
338,3,5
338,3,4
338,3,3
338,3,3
338,3,4
338,3,4
338,3,5
339,3,7
339,3,5
339,3,1
339,3,7
339,3,3
339,3,3
339,3,5
339,3,3
339,3,4
339,3,11
340,3,4
340,3,2
340,3,3
340,3,5
340,3,2
340,3,6
340,3,11
340,3,0
340,3,1
340,3,7
341,3,6
341,3,6
341,3,2
341,3,3
341,3,1
341,3,3
341,3,4
341,3,4
341,3,9
341,3,10
342,3,5
342,3,6
342,3,1
342,3,3
342,3,3
342,3,3
342,3,3
342,3,3
342,3,2
342,3,5
343,3,7
343,3,10
343,3,10
343,3,4
343,3,2
343,3,5
343,3,6
343,3,5
343,3,2
343,3,9
344,3,7
344,3,2
344,3,5
344,3,3
344,3,4
344,3,6
344,3,6
344,3,3
344,3,10
344,3,2
345,3,8
345,3,13
345,3,4
345,3,5
345,3,6
345,3,3
345,3,2
345,3,5
345,3,5
345,3,3
346,3,7
346,3,2
346,3,5
346,3,6
346,3,3
346,3,9
346,3,4
346,3,10
346,3,3
346,3,2
347,3,5
347,3,1
347,3,4
347,3,8
347,3,4
347,3,6
347,3,3
347,3,2
347,3,7
347,3,3
348,3,5
348,3,2
348,3,3
348,3,5
348,3,5
348,3,5
348,3,3
348,3,5
348,3,5
348,3,4
349,3,9
349,3,4
349,3,3
349,3,5
349,3,5
349,3,5
349,3,2
349,3,2
349,3,6
349,3,8
350,3,2
350,3,2
350,3,2
350,3,2
350,3,6
350,3,2
350,3,3
350,3,10
350,3,1
350,3,6
351,3,2
351,3,5
351,3,7
351,3,3
351,3,5
351,3,5
351,3,5
351,3,4
351,3,7
351,3,9
352,3,5
352,3,6
352,3,0
352,3,2
352,3,5
352,3,2
352,3,2
352,3,7
352,3,3
352,3,3
353,3,2
353,3,5
353,3,6
353,3,4
353,3,11
353,3,4
353,3,6
353,3,5
353,3,10
353,3,7
354,3,5
354,3,5
354,3,4
354,3,5
354,3,7
354,3,7
354,3,2
354,3,5
354,3,2
354,3,5
355,3,0
355,3,5
355,3,1
355,3,4
355,3,4
355,3,9
355,3,5
355,3,3
355,3,4
355,3,4
356,3,1
356,3,1
356,3,3
356,3,2
356,3,4
356,3,4
356,3,7
356,3,7
356,3,6
356,3,5
357,3,4
357,3,5
357,3,2
357,3,5
357,3,5
357,3,4
357,3,2
357,3,5
357,3,4
357,3,5
358,3,5
358,3,8
358,3,9
358,3,7
358,3,8
358,3,6
358,3,6
358,3,4
358,3,5
358,3,2
359,3,4
359,3,7
359,3,7
359,3,3
359,3,3
359,3,4
359,3,5
359,3,5
359,3,9
359,3,9
360,3,4
360,3,9
360,3,2
360,3,5
360,3,6
360,3,10
360,3,6
360,3,13
360,3,10
360,3,5
361,3,4
361,3,6
361,3,5
361,3,6
361,3,9
361,3,9
361,3,5
361,3,2
361,3,7
361,3,5
362,3,7
362,3,5
362,3,9
362,3,9
362,3,8
362,3,7
362,3,6
362,3,4
362,3,3
362,3,5
363,3,6
363,3,11
363,3,8
363,3,5
363,3,9
363,3,7
363,3,8
363,3,11
363,3,3
363,3,7
364,3,6
364,3,6
364,3,4
364,3,4
364,3,5
364,3,7
364,3,4
364,3,10
364,3,11
364,3,7
365,3,6
365,3,6
365,3,11
365,3,5
365,3,2
365,3,6
365,3,4
365,3,9
365,3,8
365,3,7
